1, 0.7052588374193348, 0.2947411625806652, 0.4179191340007515, 7.578625614632652908194101911084713279820076220571081300248634177677723029003095e-05
2, 0.13588632118671118, 0.8641136788132888, 6.359092447767242, 1.074587826841584412441361882478104101696084453222077407559028523713761212169591e-04
3, 0.7899363973301862, 0.21006360266981383, 0.2659247040391901, 3.088673069925929177027692820229862968859536112704965920802836798068450750022825e-04
4, 0.5953830137708984, 0.4046169862291016, 0.6795910814895989, 3.624268092102833822476700349385572407753736435181962851915045369468128740413016e-04
5, 0.48782370317752477, 0.5121762968224752, 1.0499208904494095, 3.988253692464482158871779827761982006500940605952177513476649576648516718011604e-04
6, 0.1958985728587413, 0.8041014271412588, 4.104682415022395, 4.370409778106946890627642767570966578483121946098583890519976543343935998044124e-04
7, 0.42531481441840335, 0.5746851855815966, 1.3511995493678013, 5.939039142637364090663870090463644434182556543794981639364702833687883488607569e-04
8, 0.4615936071134673, 0.5384063928865327, 1.1664078197560122, 8.058570433115964310653252166311001141090761099280524877762503495727563393782433e-04
9, 0.1628539072131755, 0.8371460927868245, 5.1404728760422165, 1.053080830454775527611493413978022358815430236074520196092765757481506162563561e-03
10, 0.7552863087615881, 0.2447136912384119, 0.3240012276134846, 2.323928002576722119099725960607555194341344290919498970574167611482143940224229e-03
11, 0.8043324060231435, 0.1956675939768565, 0.2432670777798134, 2.73568404645335817641725899246466137822881963067713824504289348301961887730655e-03
12, 0.16780295314200783, 0.8321970468579922, 4.959370686126857, 2.835850736005404061905967013113741137515305639347035936471211468103885260412863e-03
13, 0.4788188085349455, 0.5211811914650545, 1.0884726793830974, 3.332614479896189782126445509960552199236270171016869349636912869801325066815032e-03
14, 0.24268292741290054, 0.7573170725870995, 3.1206030051656697, 3.873328243229372117582725426469726118000504516996356189679606161007170092342107e-03
15, 0.4130440482968195, 0.5869559517031805, 1.4210492903202065, 5.56068123802133960895846721631096540369530868273909194025632426096764312115053e-03
16, 0.11435299796810626, 0.8856470020318937, 7.744851624081653, 7.958493013790140188749342783403654458320564367975781670122168859376466125373723e-03
17, 0.5274144992498265, 0.47258550075017347, 0.8960419203915713, 2.65291894395952470853590120533282133394008311818817419247779041194364688478196e-02
18, 0.5243261345221143, 0.4756738654778857, 0.9072099103193251, 4.31693119279825437460384215454094374625707128537128894667224195548707170426782e-02
19, 0.48315893055380776, 0.5168410694461922, 1.0697123384509881, 5.826539595837496755043532856925054274367279709359460881427911253644891206714662e-02
20, 0.23932253895444547, 0.7606774610455546, 3.178461436891023, 7.441386330797866484013062560237694929920455851438795169341454319857045004373636e-02
21, 0.7313869672551248, 0.26861303274487525, 0.3672652710137461, 1.257411440435878006929401886944313248036867311728498455959327704230513766396536e-01
22, 0.4380875714629685, 0.5619124285370315, 1.2826486418241836, 1.445918717133499202622708883971626012435123840874658237192820683054296710552595e-01
23, 0.14613345274600303, 0.853866547253997, 5.843060101632695, 1.687707319563678600980649393503145010994733619242783605873209703752618329752792e-01
24, 0.39727549924434413, 0.6027245007556559, 1.5171449080099209, 3.100492655452989830965070306342484249148727682800883113191788631882393357484058e-01
25, 0.8908354959435014, 0.10916450405649858, 0.1225417089390677, 5.24389273390854405528437010911427614877347272806279386536724777287900275383745e-01
26, 0.766378673436274, 0.23362132656372603, 0.30483797978905025, 5.50654864246261944914205060673184969373009984633483096673803339012640270494701e-01
27, 0.4452161843699399, 0.5547838156300601, 1.2460998389247189, 5.586616139005901314917708974129973892127537884654244441916135092640655225167794e-01
28, 0.6748770889598991, 0.32512291104010094, 0.4817512942114703, 5.686388233551590332955284035034352233258220287237284332639668825475757045085454e-01
29, 0.1665208718638237, 0.8334791281361763, 5.00525320824511, 5.734453569225165192515979321511214543928587202453779377875471378669972164028631e-01
30, 0.5426822177614014, 0.45731778223859865, 0.8426990368784583, 5.975032744810703882773551146978596025613625539577863917317078111862605663834744e-01
31, 0.6968986875692821, 0.3031013124307179, 0.43492880362267167, 6.17776858436965083729586812094822591887116854516693639375420854138592957825858e-01
32, 0.5672089541727665, 0.4327910458272335, 0.7630187123163952, 6.265944240520461547333340058512943533920539754752559893433714181558435217646704e-01
33, 0.1474707797601001, 0.8525292202399, 5.781004356434288, 6.333223916134306365280170436880516884021635309971875489749659062730324987473414e-01
34, 0.4579499828770429, 0.5420500171229571, 1.1836445843224206, 6.722168013957428965438985007924262797732243039098017622898227544197779309442477e-01
35, 0.8139594401352971, 0.18604055986470291, 0.2285624451186156, 7.182539588949937806515246723517799737668351356843297306709367871474408083444878e-01
36, 0.7299862984680674, 0.2700137015319326, 0.3698887254439942, 7.287763241793333731073474246199101960666144721402398778606485845943044972094237e-01
37, 0.8303950811325148, 0.1696049188674852, 0.20424605434340182, 7.326684284630138766270608246380834039911287695145266486077668680187936953309958e-01
38, 0.7780977268360154, 0.2219022731639846, 0.28518560781086905, 7.334633754060486717514405466621106271316406137889809873696701651633119205415435e-01
39, 0.30206189063578515, 0.6979381093642149, 2.3105798215563786, 7.336900828331754420905920624833213853918850110355068656541293280329482628432965e-01
40, 0.2642562139036002, 0.7357437860963998, 2.7842061884864386, 7.342139084396915208159178451993208786237357740044796925693193249977766317282845e-01
41, 0.6632744616607719, 0.33672553833922814, 0.5076714961949561, 7.356723469350412493389709386945840669966963931308092250480903679613484691587427e-01
42, 0.42662028052966006, 0.5733797194703399, 1.3440048343657602, 7.364127545880837665523553782289211891098917507377625448534915372910108521217989e-01
43, 0.26812127190693236, 0.7318787280930676, 2.7296555878905058, 7.374078660531743161733195035120888431301068850345276739089324108589882174327385e-01
44, 0.5939686488319437, 0.40603135116805633, 0.6835905429798839, 7.401241776244326429131141239196336797084597158355189733764243523822706536828982e-01
45, 0.4320822248420708, 0.5679177751579292, 1.3143743077269778, 7.419810225263316639893198768425962955117041552166697766605754025682410573455754e-01
46, 0.6800917526847332, 0.3199082473152668, 0.47038983497799464, 7.444216117588215578791915226418494129653915222257359136617152624705949577756528e-01
47, 0.8635213247165758, 0.13647867528342417, 0.15804899239543282, 7.455696401251415496517570852894765960348906508026881227770240392281198945475079e-01
48, 0.6990004209844237, 0.3009995790155763, 0.43061430290938785, 7.457510848516797992005102343987502124168773689724535402067124213928676966245166e-01
49, 0.7666561002523246, 0.23334389974767544, 0.3043658032211268, 7.458292175461146520354919761128092053934927580247427996916468526211914594873773e-01
50, 0.6406270171628632, 0.3593729828371368, 0.5609706946620632, 7.458529984664141468804530224584921715436391029494932408029052369192694138607427e-01
51, 0.33638399083264403, 0.663616009167356, 1.9727930794944242, 7.458663388657942576630545452941517187578529238525813782126698211200343521200655e-01
52, 0.6509530477263381, 0.3490469522736619, 0.5362091067747822, 7.458926567133690319211584130315481462738053129048013189554745161626209162871683e-01
53, 0.58224507259473, 0.41775492740527, 0.7174898458883946, 7.459067685829093364934009128189251669715365551336491891564877911237594506934651e-01
54, 0.34252582249292374, 0.6574741775070763, 1.919487916916568, 7.459168937060110067508181394020118307965008068409646900364191447332870300616072e-01
55, 0.17529314347301617, 0.8247068565269838, 4.7047296898634, 7.459363287574619556126606559441919852836677069626344254621968697876564494618251e-01
56, 0.5081894518401254, 0.49181054815987457, 0.9677700833400934, 7.460277654210472574673480711290610582775663170192921265346439292230534018168749e-01
57, 0.4763639176766491, 0.5236360823233509, 1.0992354015334755, 7.461162550885855451267401595375194702339344665296652143915627329433361181672068e-01
58, 0.22723644942457463, 0.7727635505754253, 3.4007024512672848, 7.462135260638135585182503333607158870538444001963301721222946324692091481447096e-01
59, 0.8235104955126212, 0.17648950448737877, 0.21431360674707256, 7.465443157077086229923675684249675541809997514163596901243566988370814800223100e-01
60, 0.6681292268828519, 0.3318707731171481, 0.4967164431130887, 7.466152084293663540116068887283648285970060830193241098696965322752830401715451e-01
61, 0.8070044089869111, 0.19299559101308894, 0.23915060297547788, 7.466504220099107883935561864363865365468223711048416892732361910562397779625762e-01
62, 0.8144025149161375, 0.18559748508386253, 0.22789404708920172, 7.466588433589309154327447387735853674839504084720964430833648134952397299712537e-01
63, 0.8906462767161705, 0.10935372328382953, 0.12278019472221763, 7.466607625342410628669585545161892090337041505679132833892821722196452534737509e-01
64, 0.6988101034468721, 0.3011898965531279, 0.43100392376628854, 7.466609981709593488413405245193380867403605936139013090407238162591437181180251e-01
65, 0.3468745541065788, 0.6531254458934213, 1.8828865887139863, 7.466610997313095135078527118809657406788885166965217472306972066119002888710822e-01
66, 0.4707171264555051, 0.5292828735444949, 1.1244181352184681, 7.466612909579307836547172913810160243984742871372975402571264096370738849248453e-01
67, 0.547607562225405, 0.45239243777459504, 0.8261252564448376, 7.466615059766116763615059490043090984905429906318167455401307942123562215307442e-01
68, 0.5441105855819285, 0.4558894144180715, 0.8378616893301128, 7.46661683608974569279601148240836315471832931256468816292763564300513327795647e-01
69, 0.5362570533427615, 0.4637429466572385, 0.8647773372238072, 7.466618324403262224396074829208282923757367667044335242659597911260535646728481e-01
70, 0.7178484181814565, 0.2821515818185435, 0.3930517567111525, 7.466619611463062004793979174974791289546749261668805207223316564806459177202271e-01
71, 0.268967744326028, 0.731032255673972, 2.7179179328947884, 7.466620117344177300783584293149631704444976510392744603319058454203142364212755e-01
72, 0.7306267938280849, 0.26937320617191507, 0.3686878286526378, 7.466621492287532476569796957586601399830574093877631590016849236007385041607323e-01
73, 0.6247212357337801, 0.37527876426621987, 0.6007139549617325, 7.466621999212412616702942361330085299228364322960574318614261681784244803871900e-01
74, 0.36699152140993085, 0.6330084785900691, 1.7248585911689125, 7.466622303729262234184541348641251919050281147603617455517117881496856694839701e-01
75, 0.2911862008022016, 0.7088137991977984, 2.4342286730794807, 7.466622828977766452589440965680694295805638684274125619927854966307581384453831e-01
76, 0.6209624610765584, 0.3790375389234416, 0.610403305646378, 7.466624107552735913139196428583268317860698512171835005976724538671044182555578e-01
77, 0.5024408186319688, 0.49755918136803123, 0.9902841547045698, 7.46662488799912378857558354022323555294277865551850881423461797619372916497403e-01
78, 0.2980912569016496, 0.7019087430983504, 2.354677391057913, 7.466625660862815298036890413972702493475051003598759025170398026565359750353895e-01
79, 0.1396202367783307, 0.8603797632216693, 6.162285518736506, 7.466627480707476064922831106483184281943262232759093506999555905469204701123064e-01
80, 0.20110319194144852, 0.7988968080585515, 3.9725714959867537, 7.466638695109875458653321463633878075392359935018142249179528754007430861251796e-01
81, 0.7009749495058734, 0.29902505049412664, 0.42658450306236106, 7.466683245125191815645885075507578437986921002262187226499515856475018757170949e-01
82, 0.2505218953903088, 0.7494781046096912, 2.9916670694272742, 7.46670224947133696436770832251467212567882417347585427175293092269560089010645e-01
83, 0.5995836630661078, 0.4004163369338922, 0.6678239611904567, 7.46675910414787540296022470869814067943146234624648443197826480656467143768587e-01
84, 0.2901417017290216, 0.7098582982709785, 2.4465917654744853, 7.466797073063173505145467643919394942056629231343385544855477896507257394051084e-01
85, 0.808597831044019, 0.19140216895598094, 0.23670873406728352, 7.466889967498685840164701481464813388473844489205357968658555734601083971544272e-01
86, 0.46396821709758884, 0.5360317829024112, 1.1553200481180046, 7.466911956422917859892732526511159021404936716977240430623757781200953631699442e-01
87, 0.18079701460807807, 0.8192029853919219, 4.531064780951973, 7.466937360667919660082144218888726079321309070979549478276948324212108168352241e-01
88, 0.42987886597941694, 0.5701211340205831, 1.3262367125716785, 7.467052468947733992114089983082435091403713504127393668265836635900656962414304e-01
89, 0.7983281505832184, 0.20167184941678162, 0.2526177352877389, 7.467205129774344732729900907733574689197440541127792383707774434025571114415374e-01
90, 0.22926479506464867, 0.7707352049353513, 3.3617686689228385, 7.467243694606630292208984807988608922106545590813308278211672141995037070783944e-01
91, 0.5284931881992215, 0.47150681180077847, 0.8921719755885266, 7.467373340651530150008267209482017128202837741465957324437374917794293787762755e-01
92, 0.7465757373767448, 0.25342426262325524, 0.33944883276506704, 7.467489007219535694959976608749507078912719972098052386955973667485609098313593e-01
93, 0.3551160109657391, 0.6448839890342609, 1.815981169873183, 7.467528270101035118442561308328580074409409019603477100883116003419183181437788e-01
94, 0.6723292030101369, 0.3276707969898631, 0.4873665988667798, 7.467599570754513033648847532880381712759578209133504960502817715795697686765732e-01
95, 0.5397532551926771, 0.46024674480732286, 0.8526984142838145, 7.467634320311495544017143921966152441640021686877461949125756939947754272130092e-01
96, 0.6756220384148411, 0.32437796158515886, 0.48011749638336454, 7.467663951203631595663565640766748588334321875169207832075922090086644514440293e-01
97, 0.6300553653365968, 0.3699446346634032, 0.587162105136215, 7.467678177513379562304684200723579072265590217564659895588618766220395383904502e-01
98, 0.37304933599485557, 0.6269506640051444, 1.6806105882300517, 7.467686530663359498254347717971884164968462420669287523110000291442280104810366e-01
99, 0.7472664905231389, 0.25273350947686113, 0.33821068210877486, 7.467700569055660852255403054539006942999541086314272716525698035361417254501426e-01
100, 0.35048297939362016, 0.6495170206063798, 1.8532056013964682, 7.467705316989896803765818637888333022423940807293591123597311064897132449317172e-01
101, 0.881206451078797, 0.11879354892120297, 0.13480785209387955, 7.46771411588821793116529142317799758240681410239009203668055187985935285919412e-01
102, 0.5159907243102909, 0.4840092756897091, 0.9380193342364236, 7.46771530204880139479283716051756446740341258325138115383350305636783017829141e-01
103, 0.33723115869360876, 0.6627688413063912, 1.9653250425431465, 7.467716414690362192832498766333809062994891101121780543601970285744086562334004e-01
104, 0.8367913019486564, 0.16320869805134364, 0.19504110244845466, 7.467718601392685003512775129212321806370870985519172033921009088357468711613435e-01
105, 0.22347851970587307, 0.7765214802941269, 3.474702988529415, 7.467719027889516771104432143155671445321461591555012365652955240331035628177457e-01
106, 0.3049804122044041, 0.6950195877955959, 2.278899102968553, 7.467720509839332712282282650792330841554924831853402079026263286724108547086169e-01
107, 0.492590831267556, 0.507409168732444, 1.0300824467779006, 7.467723887053438905044419665133889826998709946937835289043141314616355957007393e-01
108, 0.374765213352905, 0.625234786647095, 1.6683373065854177, 7.467727365862408704925528630887224019654296731079399495379886938813145192167564e-01
109, 0.6595816538473178, 0.3404183461526822, 0.5161125149055212, 7.467733169689195506050808690303425991453343998674350208845086294588726299767238e-01
110, 0.1815649801995347, 0.8184350198004653, 4.507670030316577, 7.467736165116834518009999219820799860077938931836992807073498830006020016993337e-01
111, 0.6885963708144078, 0.31140362918559217, 0.45222955331189574, 7.467749667516230874160360754113109133850784424436789828874588320845475763281096e-01
112, 0.7837404077820411, 0.21625959221795887, 0.2759326813708205, 7.467755773700278527112889339894139428947926118140929872779019174291297196994965e-01
113, 0.7945030057313917, 0.20549699426860835, 0.2586484793464501, 7.467757458596015739722049997389409264657335209189475110144682710889331094427817e-01
114, 0.8914342479329401, 0.10856575206705987, 0.12178772839253417, 7.467757894391736027079367831827084110716965584301205413963107085668428039312854e-01
115, 0.45073781184322825, 0.5492621881567717, 1.2185846710100536, 7.467757947466306844064833920333084622262094060777748702477504981468294867992456e-01
116, 0.6845478645446239, 0.3154521354553761, 0.46081823024197394, 7.467758012142165262080861569247722326755898070213829871060294571609035181212366e-01
117, 0.7715192324022807, 0.2284807675977193, 0.29614396894073314, 7.467758041945979877651479582787724624520053199701450326980477895064296313049992e-01
118, 0.6151785476195961, 0.3848214523804039, 0.6255443299664009, 7.46775805077219982748039302447024946288628908589811205407549096726957032779247e-01
119, 0.35195134142382867, 0.6480486585761713, 1.8413018571103408, 7.467758056293391672132200883112599456582522762179621565912052523848116411071300e-01
120, 0.4484170763026608, 0.5515829236973392, 1.2300667232508473, 7.467758066459572469152042817108355840068469379347737911669511425546684086486129e-01
121, 0.5052300180941434, 0.49476998190585664, 0.9792964871174031, 7.467758078964653170117927116680752156587376616213587785054618595275211716250954e-01
122, 0.7111862517213936, 0.2888137482786064, 0.4061014222076791, 7.467758091210834771693450808912032661015660928096409598555959829522822232405599e-01
123, 0.7615700479500946, 0.23842995204990536, 0.3130768505033559, 7.467758096184026536706784220639926537562772689684240952689961038414916149804112e-01
124, 0.3233615791632438, 0.6766384208367562, 2.0925133486411083, 7.46775809774101775144638414372467475966437476391183702302073819884274606728784e-01
125, 0.49979575853265856, 0.5002042414673414, 1.0008172997223548, 7.467758100999042652005931275451802187708442487264943818116692301265713800051169e-01
126, 0.1703759148778831, 0.8296240851221169, 4.869374205366703, 7.467758104259730335412130686904201601959230472111416045222012572922279691042561e-01
127, 0.6383770644819136, 0.36162293551808644, 0.5664723180673291, 7.467758120137238832747188090773624258166992855613718875626778254915887137423292e-01
128, 0.676237688524197, 0.32376231147580303, 0.47876999015297894, 7.46775812913140787636629350772063438374354647274445638468963475083513538621994e-01
129, 0.5790397109565021, 0.4209602890434979, 0.7269972699249305, 7.467758133437546100814040631666706429959769865863881003627781234221410247887768e-01
130, 0.1858546695175095, 0.8141453304824905, 4.380548159462785, 7.467758136568096833906940502208415303940924054695968055903748176576188857001068e-01
131, 0.5881200311001484, 0.41187996889985157, 0.7003331754053355, 7.467758150281625085861916288261874263572047049076915524232058054938281733632885e-01
132, 0.5179417964906865, 0.4820582035093135, 0.9307188699106691, 7.467758159885663872564323745300621335718891082039382148498807295589513399226874e-01
133, 0.6655948970379482, 0.33440510296205184, 0.5024153647364669, 7.467758168824323998702222010463395391571460847227481093779215847986547416441735e-01
134, 0.7170241160772103, 0.2829758839227897, 0.3946532307322261, 7.467758173315244186231107063121232528114227369650263508102150622754845130094788e-01
135, 0.6725829849023464, 0.32741701509765364, 0.4868053793320269, 7.467758175087600347199956147829128120202210793468105950529513653020702072422426e-01
136, 0.6229096819943652, 0.37709031800563475, 0.6053691713352528, 7.467758175950392860451851635135174962923930002136987718417830191761748313200425e-01
137, 0.8396254483669484, 0.1603745516330516, 0.19100725441918928, 7.467758176472700849233411734295054961907524819436049705951660179679613843413071e-01
138, 0.5816289654032548, 0.4183710345967452, 0.7193091463501655, 7.467758176572465464131786245380033608950350615489366194420378194902479113167524e-01
139, 0.24041353676914348, 0.7595864632308565, 3.159499558297533, 7.467758176644227064110289019796473971791780255507553152830417419230533941905001e-01
140, 0.5237852833327249, 0.4762147166672751, 0.9091792607024595, 7.467758176870957807545092784059830113684989448421848286913080982458120781350507e-01
141, 0.43758339682577785, 0.5624166031742222, 1.2852786628879938, 7.467758177077096697239666686239308884745813235675738398431817238478809764627199e-01
142, 0.15322428736852114, 0.8467757126314789, 5.526380492114091, 7.467758177342042613755524265629978088300461251045780177338668465234968445283133e-01
143, 0.7241060260635406, 0.2758939739364594, 0.38101322735332355, 7.467758178806234558254048231721771495259379797625308239995626137460525092412765e-01
144, 0.394827209020694, 0.605172790979306, 1.5327535112900164, 7.467758179364111056492169236045941711185934466830875056146599330976441474653202e-01
145, 0.5378468395419589, 0.4621531604580411, 0.8592653641910771, 7.467758180219198218032827829249613639864021003252004446980412536396923556527581e-01
146, 0.45314109943042513, 0.5468589005695749, 1.206818143966522, 7.467758180953944999309176236909661462483095459760738740820825052642610857406465e-01
147, 0.6106347792804634, 0.3893652207195366, 0.6376400983552591, 7.46775818184065074617447510839983699727098923966851420343704467102457736441923e-01
148, 0.2517630655140509, 0.7482369344859491, 2.971988496240287, 7.467758182406049885817837798170867799233948111790865272397477190472389059686492e-01
149, 0.28671613925614103, 0.713283860743859, 2.4877701778295744, 7.467758184086409624622067407697552693400974881051369721176508613382306650810396e-01
150, 0.21904601078342767, 0.7809539892165723, 3.565250909721917, 7.467758188266758470844722954578977373696415110914524940506976109487765118360022e-01
151, 0.3068835083232971, 0.693116491676703, 2.2585654584817747, 7.467758203170750997795012429569291578446464235111713200237073449607643962961015e-01
152, 0.44225610205718946, 0.5577438979428105, 1.2611333011538346, 7.467758236832393712635436871451307065982020907237017358202877752894727089406193e-01
153, 0.80311305414434, 0.19688694585566002, 0.24515470747195, 7.467758279284212311863068245987536252164015984902056671185578052556134517030714e-01
154, 0.8225534345262249, 0.17744656547377513, 0.21572649025042487, 7.46775828969147548220900469882459767402256922573374264350136916668165898008183e-01
155, 0.11150141608855453, 0.8884985839114454, 7.968495962470997, 7.467758291936597839060243163895123440835504426023827540714528614089798789822266e-01
156, 0.7012471204258288, 0.2987528795741712, 0.42603081121068276, 7.467758309826846274882705818355666953179342668430440195725726714582935357607786e-01
157, 0.25409484606558175, 0.7459051539344183, 2.93553830581003, 7.467758317448643328756797921685405250431213381758932325769115612369894426237518e-01
158, 0.4070355593732188, 0.5929644406267812, 1.4567878087601693, 7.467758339822720539514227797780299850861224522260281083124047684008455028476255e-01
159, 0.800211645663181, 0.19978835433681896, 0.2496693911162002, 7.467758372417003452404385453621786709284788916623649761757752951011635819448319e-01
160, 0.650081421560372, 0.34991857843962804, 0.538268848846239, 7.467758380554798221134839575121773752582872536189597920889346576454030064996482e-01
161, 0.8113389151219931, 0.18866108487800692, 0.23253055087298483, 7.467758384935119643446327213216415879898057515631155691011400403353956010778041e-01
162, 0.5121517325980083, 0.4878482674019917, 0.9525463575555401, 7.467758385953678196777153838994819830667314668913678977971965489978525850122766e-01
163, 0.5652810731957993, 0.43471892680420066, 0.7690314560622566, 7.467758386923902436709473045764774710591464045468361874508918999270299528923259e-01
164, 0.2815022987881465, 0.7184977012118535, 2.5523688591707803, 7.467758387670035396651520734270209207861699805467349393610355810635292807066186e-01
165, 0.6518601942117442, 0.34813980578825576, 0.5340712761411065, 7.46775838957444192840852248644556698828097208498884285522757226591927274365211e-01
166, 0.676414209358331, 0.32358579064166904, 0.47838408206804717, 7.467758390591530755115443072622345958102862341346892750287536964470120574343803e-01
167, 0.1358565596295387, 0.8641434403704613, 6.360704574934448, 7.467758391078089859861300373805566633154396617898750350177830397231268276579578e-01
168, 0.670040909760595, 0.32995909023940495, 0.4924461856475286, 7.467758394172948583394284073500339242949793412729197912700938460479180839270126e-01
169, 0.6899361248698247, 0.3100638751301753, 0.44940953800422806, 7.467758395696999956916081224328227031814187303029148036906873793080485653798238e-01
170, 0.4579494787591115, 0.5420505212408885, 1.1836469881124494, 7.467758396381923180585221294909776725675970468477545007751575376327013072915995e-01
171, 0.13712513437887425, 0.8628748656211258, 6.292609079507031, 7.46775839719263049136946844953577036763593809027556290360925488091948090725699e-01
172, 0.29739279208904074, 0.7026072079109593, 2.362556277761418, 7.467758402294094676033150326581180373412303348524029731191556399661531716008262e-01
173, 0.2852128611630892, 0.7147871388369108, 2.5061532496186567, 7.467758414346590911285365565231469810543821268145979265819274761435300957314711e-01
174, 0.6150172905370708, 0.38498270946292923, 0.6259705464975444, 7.467758444551993517279330772775090050544148606099347327113008301558097457064202e-01
175, 0.36476397498956814, 0.6352360250104319, 1.7414988007754848, 7.467758463459685893731723622413250747201204646477972596453000977499726624485988e-01
176, 0.6351588845449336, 0.36484111545506637, 0.5744092137142357, 7.467758496387409492755342086185941934569371850725341578215284479815028886713223e-01
177, 0.5329054813127686, 0.4670945186872314, 0.8765053749054761, 7.467758515301397314670182056711916480874169153721117766996969079843655184036798e-01
178, 0.34201393172088024, 0.6579860682791198, 1.9238575018520194, 7.467758531879609301475257939364585888488057731530612237448179030267739235422015e-01
179, 0.21813957960112376, 0.7818604203988763, 3.5842208086608434, 7.467758563773726799583274843276043661327573317293132993900773392562042618359806e-01
180, 0.19642615253168927, 0.8035738474683107, 4.090971783091209, 7.467758678089286410175945445423524785385900646215468325379796523995342101142055e-01
181, 0.5379780464075491, 0.4620219535924509, 0.8588119100355313, 7.467759145751015145391676231052157193476688004292079022102688312017012151617299e-01
182, 0.32560039760464154, 0.6743996023953585, 2.0712493208139273, 7.46775954738447765100079099033730397366208500490257609091987562999381267448501e-01
183, 0.19242096959332855, 0.8075790304066714, 4.196938785380027, 7.467760379267514081889613602452598999914420420986994921068170978112404817808326e-01
184, 0.2109158654220547, 0.7890841345779454, 3.7412270195935373, 7.467763870629694578392958546107227103134568626434211510357099228371614671403914e-01
185, 0.1067677338856413, 0.8932322661143587, 8.366125547546957, 7.467776932608219438919850275844699101386765462396663580844797769578133030532183e-01
186, 0.5027277971811416, 0.4972722028188584, 0.9891480153019718, 7.467886210760457784293832596847666026334159935268549822952094937939262803262116e-01
187, 0.819985866596617, 0.18001413340338301, 0.21953321482300497, 7.467994303027860210350782968709085581581189495349133065137472589389971205434225e-01
188, 0.42044320141079694, 0.5795567985892031, 1.3784425497772363, 7.468018032870820572848188535127446965294151835493458941869960658629446365432039e-01
189, 0.856609162654841, 0.143390837345159, 0.16739353674522436, 7.468050743096056668331552833096474734806976816238451929437680469207425901120274e-01
190, 0.16842810199727615, 0.8315718980027238, 4.937251492724012, 7.468056218576346671246140816521937164308326774668075394520050201048593135676751e-01
191, 0.7199589052453031, 0.28004109475469685, 0.38896816570284903, 7.468083252399581869040381918494291309021711864865393058358568949114308315975258e-01
192, 0.6249242749671279, 0.3750757250328721, 0.6001938795746121, 7.468093767696217598986354828198774491110250709184190304114199179118799051338716e-01
193, 0.24870795233390253, 0.7512920476660975, 3.020780158478613, 7.468100078912900275609531277656896198305441086670692128908602262382224952104192e-01
194, 0.8464440013924417, 0.1535559986075583, 0.18141306259475073, 7.468119143711031164366400340766718188418725373951330320675721509087195851720618e-01
195, 0.7564964306692673, 0.2435035693307327, 0.32188330236443646, 7.468122602314447839575260618176269100914274169298407279731965950738872461843398e-01
196, 0.6861898178403866, 0.3138101821596134, 0.45732270284518894, 7.468123715581137167914547099254982330723393982503710309476779971256730737479216e-01
197, 0.2716024144404384, 0.7283975855595616, 2.6818523946490798, 7.468124224703268519065932542618034670700676512811108268007437930775367206023613e-01
198, 0.3732514567485382, 0.6267485432514618, 1.6791590010423083, 7.468125590093675651994602453394950671122454158039130169609363991088668184611038e-01
199, 0.42962181346271233, 0.5703781865372877, 1.3276285529826615, 7.468127882801267726073739795666532346340928842010836975594358935224038870783092e-01
200, 0.1212492753081575, 0.8787507246918425, 7.247471974232255, 7.468130926665330603745513264599361973465809896991025042719790938053755462969301e-01
201, 0.6281315978638385, 0.37186840213616146, 0.5920230782861717, 7.468152986984819682397720240404533361846558757065366126163276338945688357540558e-01
202, 0.18987173191934748, 0.8101282680806525, 4.266713427487846, 7.468166047203071583168650420101847426142147559438145700238932603166834493194509e-01
203, 0.7124980677654217, 0.2875019322345783, 0.40351257812706604, 7.468221771411652890034236213824732405615088310585821755158648415603128126735358e-01
204, 0.14454824393171928, 0.8554517560682807, 5.918105490595743, 7.468244256830721623544416071863795729612309710797893241990533462921309892411597e-01
205, 0.6350440823629999, 0.3649559176370001, 0.5746938327163031, 7.468377327912770641556388399122240502081871284217286528582466775629944285297964e-01
206, 0.84875699875422, 0.15124300124578005, 0.17819352472824376, 7.468453803042937097363902567682380755193256715197223551575713449122960806754081e-01
207, 0.2648510494196373, 0.7351489505803628, 2.775707146304611, 7.468467430415935509367392785093705741083199388207246168770532115296500344238964e-01
208, 0.726634425700773, 0.27336557429922703, 0.37620784899585613, 7.468505256012552560057056717828390840463422280261037753074708375038693926045245e-01
209, 0.2837134986919828, 0.7162865013080172, 2.524682486417972, 7.468519486298892845629427477725392100180340069888858791262039877018152332500526e-01
210, 0.3425345423966787, 0.6574654576033213, 1.9194135954963947, 7.468555413253592877511384850724388022963074731362282350424528333665152628978452e-01
211, 0.15184261335573465, 0.8481573866442653, 5.585766524297198, 7.468624371938888901801568062069257418152111927661694795104296676935714348431643e-01
212, 0.8364631625892768, 0.16353683741072322, 0.1955099097305062, 7.469009559054774979702909609733866503253113326652088509589889559653525743255708e-01
213, 0.685849354324502, 0.314150645675498, 0.45804613461349286, 7.469084866953031220821315277842850949786532714524765424086494328621046876203702e-01
214, 0.3082214073271097, 0.6917785926728903, 2.2444209786464264, 7.469119361444733358264952413866532914479185993313240902074628428705029637716513e-01
215, 0.1837638176707694, 0.8162361823292306, 4.441767659570484, 7.469196781605557380621787286246801061751381635764860929560051342953588886966436e-01
216, 0.7280077231332175, 0.2719922768667825, 0.37361180139157796, 7.469540663972104268881873091205831918864693566026989682290349450065100772370182e-01
217, 0.41210148026854465, 0.5878985197314553, 1.4265867702012454, 7.469669142482536650710511490407605685774187871230691984067612866925511652209512e-01
218, 0.7549580328886621, 0.24504196711133786, 0.324576938632926, 7.46985242822577464931062742693986717318654582139840457077361667140002783071961e-01
219, 0.27103649596778095, 0.7289635040322191, 2.689540024598287, 7.469911918551209899418670057243584850856887249732955784891923215725661313047155e-01
220, 0.28560743063145627, 0.7143925693685438, 2.5013094644949407, 7.470071920162544382093312213707759475444022537976884377279424621544749082219102e-01
221, 0.24527471174893273, 0.7547252882510673, 3.077061156731138, 7.470472133707309764592448433987432726787073916085815510601425210004586994993208e-01
222, 0.7281095241095713, 0.2718904758904287, 0.37341974921002763, 7.471703615260305001501490441881325466460266631448433064132767838604754410626327e-01
223, 0.39405139659028254, 0.6059486034097175, 1.5377400223751938, 7.472163474792981258217532663570098979978234192848729538714408267029512790225782e-01
224, 0.7432438275111979, 0.2567561724888021, 0.34545348778551915, 7.472870619201048291386606006770618225273306467313261014013832785525690893747957e-01
225, 0.8977812990978865, 0.10221870090211349, 0.1138570172990075, 7.473114904703183074401259125894061126180783468363330443599368936222601327614409e-01
226, 0.7380337615407372, 0.2619662384592628, 0.3549515646985793, 7.473142718321825531125535480928408211372274194846878933946726162927112855023995e-01
227, 0.39346097145806647, 0.6065390285419335, 1.5415481395632555, 7.473152590809282600714936598603331051464919925645507184131391542342071078934326e-01
228, 0.3719712238151497, 0.6280287761848503, 1.6883800035481988, 7.473167809723954907916098054235849795243997350321835089395165529480935955829000e-01
229, 0.34066461050287045, 0.6593353894971296, 1.9354384610830422, 7.473193505035163337683747104769998735998609449557830756301936477408590147725494e-01
230, 0.15251137672438286, 0.8474886232756171, 5.556887895695747, 7.473243236728745630838211055579793586179481544528843709669279041152145306924308e-01
231, 0.7045265359397794, 0.29547346406022057, 0.41939295255370856, 7.473519590174845525510972394602668301509571288289394295437467701264772111422931e-01
232, 0.6174352883784897, 0.3825647116215103, 0.6196029265288721, 7.473635490862553752494611691386709400444495434450604676443577650490447435255809e-01
233, 0.3483838116902961, 0.6516161883097039, 1.8703974365174387, 7.473707303267844478802895358708923543506825929258229537436392586754512132029601e-01
234, 0.4576823844120711, 0.5423176155879289, 1.184921321113502, 7.473841621006610404644086397993081642137308397233079922427048195460567822523803e-01
235, 0.22380727442685266, 0.7761927255731473, 3.468130013025255, 7.474000776959077903720431896769810435352473720203824297116521845857772342889825e-01
236, 0.3431900110033743, 0.6568099889966257, 1.9138377223635679, 7.474552750494582058162792685855794073664170902711267430278498258718649136695065e-01
237, 0.48746678184760595, 0.512533218152394, 1.0514218347551414, 7.475609138268576295060176852842224321662024432046667049907101897792046911495595e-01
238, 0.3975795068443978, 0.6024204931556022, 1.5152201830950351, 7.476719847440122215259941185725314211239736571451198425827467610959890436567828e-01
239, 0.33534089564268876, 0.6646591043573112, 1.982040106034417, 7.478402816394397359264724884169799322371678258722796417690452864762708885523623e-01
240, 0.7640910689800754, 0.2359089310199246, 0.30874452090484544, 7.481738528358981497665287659715679029001810758034330950869010124357321601320198e-01
241, 0.49262777647115874, 0.5073722235288413, 1.0299301983402183, 7.482768411151363588245990371800323262299407655913148601713936118032812885151847e-01
242, 0.6924650401427597, 0.30753495985724033, 0.44411622541094414, 7.483829118539988852622519442399642113499107757649821465949106813501883283869301e-01
243, 0.37051915746369735, 0.6294808425363027, 1.6989157776490351, 7.484300195901690604466035433081115596439759735964928600710304091543218147813437e-01
244, 0.5754276302870249, 0.4245723697129751, 0.7378379962415034, 7.485100516663978991993160018699537414168166289813552870652106376666053680602974e-01
245, 0.148246580382782, 0.8517534196172181, 5.745518159123382, 7.485691023731576328380475589624576967339726243595674196073663906489356813016185e-01
246, 0.6873048874437993, 0.31269511255620075, 0.4549583718503235, 7.489083792811547522864020222628731355650985412061898717648288466275624815103048e-01
247, 0.5886811340929194, 0.41131886590708056, 0.6987124983049934, 7.490627361508235337533521777247771319551410360936518356665932668577274857098643e-01
248, 0.4966856124827622, 0.5033143875172378, 1.0133460178186773, 7.491705872248603463080043471536021808090770053968034657794128474776917926642463e-01
249, 0.8803185137615905, 0.11968148623840946, 0.13595248125250928, 7.492798776812530176456207338170932803969064941383418088739540431882002689153208e-01
250, 0.6534072746545838, 0.3465927253454162, 0.5304390367074477, 7.492947359899768204783575346189146631937516003843295103997681265088485989143347e-01
251, 0.1725093300217262, 0.8274906699782738, 4.79678791792918, 7.493026174169433763201639933500798621929239864816503076970702128162333401493200e-01
252, 0.18381294926574868, 0.8161870507342514, 4.440313122631225, 7.493404229505925926088612514940547043063997818436598135657259678300463056587377e-01
253, 0.1919272788243106, 0.8080727211756894, 4.210306768926764, 7.495082913577632840350382754573499024165696735055571717355667955643884267926942e-01
254, 0.1917294524506737, 0.8082705475493264, 4.2156827614018795, 7.502150688487630002983674044953950518198569723286125263072410135229370208217673e-01
255, 0.8205620283399633, 0.17943797166003672, 0.2186769134602151, 7.531946185337173761724310651258031285536051590438471042305339862608363378104549e-01
256, 0.10032673350012421, 0.8996732664998758, 8.9674330571, 7.538461772623245553572656780433956248538725123779045601221279529134070598067545e-01
257, 0.6631095712283888, 0.33689042877161124, 0.5080463974415763, 7.596889865438786208729172330915064457209084840756943399796064972969642213684943e-01
258, 0.2944395820396302, 0.7055604179603698, 2.3962825007182786, 7.626574047503103686046841857515645417256574192676135490117848077541521852957048e-01
259, 0.6111357847062251, 0.3888642152937749, 0.6362975708920452, 7.697705733531963045332584081202153691643268297247952294653721162682520556192346e-01
260, 0.8169960134799455, 0.18300398652005445, 0.22399618052058778, 7.742966652565581884215913337868938619208126381234549170404776183279342377753149e-01
261, 0.41221352565519, 0.58778647434481, 1.4259271900662571, 7.753104925555964077255979349780781229259923960073723396097288561089486028800233e-01
262, 0.5132495541355601, 0.48675044586443994, 0.9483699341624344, 7.767561364673264387593724953659866139612184141037026608330761514546294029293996e-01
263, 0.17954660625080976, 0.8204533937491902, 4.569584526722236, 7.781271416887161724539366688740239924487997704279734908202484319050351496855745e-01
264, 0.4549815884717884, 0.5450184115282116, 1.1978911352409727, 7.843920659344340935828551498890662334174494844299817234367490833005366232230238e-01
265, 0.5982973957629163, 0.4017026042370837, 0.671409581726249, 7.918967631513358286120911330962362748455146220573006832411740356783879703548627e-01
266, 0.5284533214995086, 0.47154667850049137, 0.8923147216909485, 7.96935488770717967367176104736237682877687702994695351337792050499852944903212e-01
267, 0.2860302346758783, 0.7139697653241217, 2.49613390043599, 8.014316178194539926013530287262316670563677390978941013429643222051739284191479e-01
268, 0.5139842086155236, 0.48601579138447637, 0.9455850651396792, 8.126545579587390053155277906723286040394491176518284091135667519861363321984608e-01
269, 0.1626859038425879, 0.8373140961574121, 5.146814053217438, 8.232668025414035445853637123786760284352314748633596804777348147701802677580699e-01
270, 0.4177403537674662, 0.5822596462325338, 1.3938314577017061, 8.778860520956420161357841294548535545651823414017772162614707503609402291300076e-01
271, 0.7957325321422015, 0.20426746785779848, 0.25670367819182593, 9.540160803203994878835931701570867738877815918942136895451421043480244042341525e-01
272, 0.7906595226077221, 0.2093404773922779, 0.26476690839293177, 9.735589385865422553635541012339402290046619522442058829052279640089506993020715e-01
273, 0.3810435902377093, 0.6189564097622907, 1.6243716614578465, 9.787332407508301268014090384867160468787003317066645695965109479432374706662684e-01
274, 0.8900855750909841, 0.10991442490901593, 0.12348748028837625, 9.871382305543193475736957752945229216135204440491973140037048697104149306393019e-01
275, 0.8519880630852233, 0.14801193691477665, 0.17372536462400084, 9.881761415670017260959065408969359997176564987879350342686011411831472341994659e-01
276, 0.7503670426736541, 0.24963295732634594, 0.33268113220547596, 9.88356453036127238269209661567012984568607199843712794207671316779361102278561e-01
277, 0.16563896862897354, 0.8343610313710265, 5.037226676048502, 9.884164392598255463813386721788764268755750415137396538267651931392900647337671e-01
278, 0.6178634943279571, 0.38213650567204294, 0.6184804721108962, 9.88718603466034076834631821864208223278930345152468414789355117921756280539102e-01
279, 0.7609192025528054, 0.23908079744719457, 0.31419997897950686, 9.889054861269449429373622034841568577196682493340996360216174434601615320264601e-01
280, 0.1746592090676103, 0.8253407909323898, 4.725435293897968, 9.889642046550747713743171541826413594369124562068973898434347754478670003988304e-01
281, 0.6370465175123197, 0.36295348248768033, 0.569744080707044, 9.892416752603052033294858036897580510713655059924905933818863929828569845802185e-01
282, 0.4887874279589418, 0.5112125720410582, 1.0458791343626785, 9.893997624952054428886807519357440565491638092016756606351261799789601596942286e-01
283, 0.5440369331513131, 0.4559630668486869, 0.8381105014461764, 9.895651026355966948630982194190963095951607547928268350871229468943703765537371e-01
284, 0.1412278158605755, 0.8587721841394245, 6.08075809221061, 9.897036759435691882569273315536816684041090690940971586943198364276605678600758e-01
285, 0.8263409468373928, 0.1736590531626072, 0.21015423939385133, 9.905463067073873205192140456997467928527132273084421402114505320975058741204107e-01
286, 0.6779357048122036, 0.32206429518779645, 0.47506613518314716, 9.907233891346473800888518677509541361014632385929908213145822891439023697780083e-01
287, 0.8157984533915358, 0.18420154660846422, 0.22579295884011463, 9.908075149989746673729226572122729432685601001682036967828034447559303353005351e-01
288, 0.22824251037623658, 0.7717574896237634, 3.3813047725053185, 9.908265100267961076185085256928464271691426641646172505202340370190753419785106e-01
289, 0.4797891418982442, 0.5202108581017558, 1.0842489182718613, 9.908907380050226148231750250311681953168693254211684357803442404142653542309809e-01
290, 0.34098412864168426, 0.6590158713583157, 1.9326878174169455, 9.909603771209374939215161788696740505905141035394420764869733605298135258091366e-01
291, 0.14857727963267653, 0.8514227203673235, 5.73050416909148, 9.910949677918818672804867291769712163549495085491426428768079076326433909098704e-01
292, 0.4061543754324627, 0.5938456245675373, 1.4621180036167918, 9.918662401928494183617527110546688077867973656736090516185665308540610235863471e-01
293, 0.3258085299134956, 0.6741914700865044, 2.0692873518858046, 9.929939314559968238964264139232631460643350913898454147660575293279502773754625e-01
294, 0.3955057866951567, 0.6044942133048433, 1.528408012322632, 9.95327448723659876718588204899449019937954440067072077338239247935333520244097e-01
295, 0.8650282534029267, 0.13497174659707334, 0.156031604824593, 9.988940152124493025457656319008332801381871533945481352720227819826768355114508e-01
296, 0.6749839525196408, 0.32501604748035917, 0.48151670312621514, 9.994505123054087304201259786446861935594363839427169043174188789381682283044751e-01
297, 0.7860617822404242, 0.21393821775957578, 0.27216463462936913, 9.997184749509098770013445804213950845535514364497504627726426218151298178542952e-01
298, 0.6346452504974109, 0.36535474950258906, 0.575683421905762, 9.99791404906417015723941544429339079050757000525160719578636949381120852157549e-01
299, 0.20127302912367925, 0.7987269708763207, 3.968375566035303, 9.998333894727628003196519728156924330241719900848268615421670891447369383284900e-01
